ts_iso,session_id,request_id,task_code,step,outcome,ms,http_status,js_mode
2025-12-04T14:02:27.316233629Z,P1_a7f3,r_ddcf2481,T3_add,success,,4,200,on
2025-12-04T14:02:38.040245027Z,P1_a7f3,r_65689fea,T1_filter,success,,3,200,on
2025-12-04T14:02:38.674228638Z,P1_a7f3,r_8af64714,T1_filter,success,,3,200,on
2025-12-04T14:02:40.247819589Z,P1_a7f3,r_af2a8584,T1_filter,success,,3,200,on
2025-12-04T14:02:41.368139709Z,P1_a7f3,r_aa5038af,T1_filter,success,,3,200,on
2025-12-04T14:02:41.970206861Z,P1_a7f3,r_e396f94e,T1_filter,success,,3,200,on
2025-12-04T14:02:42.346639827Z,P1_a7f3,r_278eabe4,T1_filter,success,,3,200,on
2025-12-04T14:02:43.158902718Z,P1_a7f3,r_209be2b6,T1_filter,success,,7,200,on
2025-12-04T14:02:46.141910483Z,P1_a7f3,r_73904d3a,T1_filter,success,,3,200,on
2025-12-04T14:03:13.382270370Z,P1_a7f3,r_4f2a482a,T2_edit,validation_error,blank_title,0,400,on
2025-12-04T14:03:13.383841908Z,P1_a7f3,r_4f2a482a,T2_edit,success,,2,200,on
2025-12-04T14:03:26.088079869Z,P1_a7f3,r_c62fac4d,T2_edit,success,,3,200,on
2025-12-04T14:03:45.015542512Z,P1_a7f3,r_4abc74e6,T4_delete,success,,2,200,on
2025-12-04T14:07:59.458816298Z,P1_a7f3,r_c0d38739,T1_filter,success,,3,200,on
2025-12-04T14:27:43.391029391Z,P2_9d2e,r_6a971ae7,T3_add,success,,8,200,on
2025-12-04T14:27:47.918847574Z,P2_9d2e,r_0229629b,T3_add,success,,5,200,on
2025-12-04T14:28:16.528452918Z,P2_9d2e,r_c2a1e3ef,T2_edit,success,,3,200,on
2025-12-04T14:28:30.854064095Z,P2_9d2e,r_41189e6b,T1_filter,success,,4,200,on
2025-12-04T14:28:32.008165833Z,P2_9d2e,r_17d3a32d,T1_filter,success,,3,200,on
2025-12-04T14:28:33.429658685Z,P2_9d2e,r_665c8894,T1_filter,success,,3,200,on
2025-12-04T14:28:34.196930944Z,P2_9d2e,r_6568c451,T1_filter,success,,2,200,on
2025-12-04T14:28:34.790143312Z,P2_9d2e,r_021aa1ab,T1_filter,success,,3,200,on
2025-12-04T14:28:36.763253940Z,P2_9d2e,r_95d44130,T1_filter,success,,3,200,on
2025-12-04T14:28:38.321343825Z,P2_9d2e,r_ea5d3105,T1_filter,success,,2,200,on
2025-12-04T14:28:44.489582658Z,P2_9d2e,r_c6b1d50c,T1_filter,success,,5,200,on
2025-12-04T14:28:50.733649466Z,P2_9d2e,r_4daeadf4,T4_delete,success,,4,200,on
2025-12-04T14:28:52.165670722Z,P2_9d2e,r_45d17770,T4_delete,success,,4,200,on
2025-12-04T15:30:48.785474308Z,P3_71sh,r_e09a619a,T3_add,success,,3,200,on
2025-12-04T15:30:59.595620554Z,P3_71sh,r_b057a219,T3_add,success,,7,200,on
2025-12-04T15:31:17.924886002Z,P3_71sh,r_9b54690b,T1_filter,success,,3,200,on
2025-12-04T15:31:53.954047968Z,P3_71sh,r_a30cb81f,T3_add,success,,4,200,on
2025-12-04T15:32:09.921495721Z,P3_71sh,r_1ee7b323,T2_edit,success,,3,200,on
2025-12-04T15:32:15.049321612Z,P3_71sh,r_2238f059,T4_delete,success,,3,200,on
2025-12-04T15:32:19.921042697Z,P3_71sh,r_f3417323,T4_delete,success,,2,200,on
2025-12-04T15:32:22.833465170Z,P3_71sh,r_cba156ee,T4_delete,success,,2,200,on
2025-12-04T15:32:43.900480919Z,P3_71sh,r_e4098159,T3_add,validation_error,blank_title,0,400,on
2025-12-04T15:32:43.902804784Z,P3_71sh,r_e4098159,T3_add,success,,2,200,on
2025-12-04T15:32:53.095553381Z,P3_71sh,r_c771fa0b,T3_add,success,,6,200,on
2025-12-04T15:32:56.780671038Z,P3_71sh,r_ae6cb806,T1_filter,success,,4,200,on
2025-12-04T15:33:04.583286301Z,P3_71sh,r_b3ceed51,T1_filter,success,,3,200,on
2025-12-04T15:33:05.399339491Z,P3_71sh,r_3aaaffbb,T1_filter,success,,3,200,on
2025-12-04T15:33:10.650207587Z,P3_71sh,r_a27d7564,T4_delete,success,,3,200,on
2025-12-05T10:00:10.154451220Z,P5_3hs7,r_9bb66c09,T3_add,success,,6,200,on
2025-12-05T10:00:16.533543197Z,P5_3hs7,r_79678898,T3_add,success,,6,200,on
2025-12-05T10:00:20.754610671Z,P5_3hs7,r_03dad981,T3_add,success,,10,200,on
2025-12-05T10:00:26.430819929Z,P5_3hs7,r_c7708316,T1_filter,success,,12,200,on
2025-12-05T10:00:29.581728063Z,P5_3hs7,r_6220f98f,T1_filter,success,,4,200,on
2025-12-05T10:00:29.733568838Z,P5_3hs7,r_e3be1a5f,T1_filter,success,,4,200,on
2025-12-05T10:00:36.010889753Z,P5_3hs7,r_9007408b,T2_edit,success,,3,200,on
2025-12-05T10:00:40.415973971Z,P5_3hs7,r_a8103353,T1_filter,success,,4,200,on
2025-12-05T10:00:43.470389508Z,P5_3hs7,r_0b8db9ff,T4_delete,success,,3,200,on
2025-12-05T10:00:44.756981987Z,P5_3hs7,r_95565c7d,T4_delete,success,,1,200,on
2025-12-05T10:00:46.204327602Z,P5_3hs7,r_1c126b78,T4_delete,success,,2,200,on
2025-12-05T10:16:55.641665959Z,P6_a7s8,r_486e2558,T3_add,success,,4,200,on
2025-12-05T10:17:05.469123460Z,P6_a7s8,r_61dbfc6c,T1_filter,success,,4,200,on
2025-12-05T10:17:08.510541797Z,P6_a7s8,r_4ed49c89,T1_filter,success,,3,200,on
2025-12-05T10:17:23.883799281Z,P6_a7s8,r_1895c5cd,T3_add,success,,4,200,on
2025-12-05T10:17:26.735808263Z,P6_a7s8,r_f27cea57,T1_filter,success,,3,200,on
2025-12-05T10:17:27.844665171Z,P6_a7s8,r_9e405c94,T1_filter,success,,4,200,on
2025-12-05T10:17:36.802900362Z,P6_a7s8,r_8956cf49,T2_edit,success,,3,200,on
2025-12-05T10:17:41.875172310Z,P6_a7s8,r_6c617ad5,T1_filter,success,,4,200,on
2025-12-05T10:17:53.667173149Z,P6_a7s8,r_fe20ab85,T4_delete,success,,2,200,on
2025-12-05T10:17:56.581122167Z,P6_a7s8,r_5e9d8f3f,T4_delete,success,,2,200,on
